marital,mean_tv_hours
No answer,2.6
Never married,3.106724657075945
Separated,3.549618320610687
Divorced,3.0887877063175866
Widowed,3.915577889447236
Married,2.650387596899225
